IP,Browser,Operating System,Date Time,Country
101.196.163.124,Mozilla,Windows,28/Apr/2023:12:37:50 ,CN
138.201.180.165,Mozilla,Linux,29/Jan/2023:23:37:50 ,DE
23.231.148.61,Mozilla,Linux,07/Dec/2023:20:37:50 ,US
205.52.118.48,Uc,Mac OS,24/Feb/2023:03:37:50 ,US
171.218.149.5,Opera,Windows,09/Oct/2023:05:37:50 ,CN
15.216.236.225,Mozilla,Linux,19/Oct/2023:03:37:50 ,US
162.99.233.33,Mozilla,Windows,04/Jan/2024:03:37:50 ,US
215.189.240.128,Mozilla,Windows,09/Jul/2023:08:37:50 ,US
5.107.78.243,Opera,Linux,21/Nov/2023:00:37:50 ,AE
158.0.20.99,Mozilla,Mac OS,11/Jun/2023:06:37:50 ,US
61.120.143.218,Safari,Mac OS,25/Nov/2023:08:37:50 ,JP
117.244.13.45,Mozilla,Windows,05/Feb/2023:12:37:50 ,IN
103.143.176.201,Safari,Windows,06/Jan/2024:01:37:50 ,KR
136.247.148.93,Mozilla,Mac OS,27/May/2023:17:37:50 ,US
197.144.233.85,Mozilla,Mac OS,17/Oct/2023:10:37:50 ,MA
39.9.46.120,Mozilla,Mac OS,05/Dec/2023:09:37:50 ,TW
133.232.26.138,Mozilla,Windows,10/May/2023:18:37:50 ,JP
145.163.3.220,Opera,Linux,12/May/2023:16:37:50 ,NL
126.128.16.82,Mozilla,Windows,27/Aug/2023:16:37:50 ,JP
38.102.136.214,Opera,Linux,04/May/2023:18:37:50 ,US
65.219.49.102,Mozilla,Windows,28/Sep/2023:04:37:50 ,US
116.95.162.71,Uc,Mac OS,06/Apr/2023:17:37:50 ,CN
182.116.101.79,Mozilla,Windows,08/Sep/2023:08:37:50 ,CN
217.204.183.121,Mozilla,Windows,01/Jan/2024:21:37:50 ,GB
95.130.214.108,Mozilla,Mac OS,11/Dec/2023:20:37:50 ,DK
185.154.108.78,Mozilla,Windows,25/Jan/2023:10:37:50 ,SE
45.80.53.179,Mozilla,Mac OS,14/Aug/2023:07:37:50 ,LV
123.20.174.178,Mozilla,Mac OS,07/May/2023:11:37:50 ,VN
53.222.101.61,Mozilla,Mac OS,06/Jan/2024:22:37:50 ,DE
135.160.249.173,Opera,Windows,06/Oct/2023:20:37:50 ,US
83.183.12.46,Mozilla,Mac OS,10/Sep/2023:03:37:50 ,SE
161.196.84.24,Mozilla,Mac OS,30/Sep/2023:12:37:50 ,VE
126.210.255.124,Mozilla,Mac OS,17/Jun/2023:08:37:50 ,JP
8.116.242.47,Mozilla,Mac OS,12/Jul/2023:01:37:50 ,US
85.243.208.175,Mozilla,Linux,05/Sep/2023:00:37:50 ,PT
171.194.154.76,Mozilla,Windows,07/Dec/2023:15:37:50 ,US
103.36.177.6,Mozilla,Windows,23/Apr/2023:21:37:50 ,CN
156.255.139.132,Opera,Windows,22/Aug/2023:13:37:50 ,HK
16.218.100.7,Mozilla,Mac OS,21/Feb/2023:07:37:50 ,US
130.219.235.131,Opera,Linux,23/Feb/2023:06:37:50 ,US
83.224.152.237,Mozilla,Other,08/Jun/2023:02:37:50 ,IT
89.81.194.29,Opera,Windows,12/Aug/2023:13:37:50 ,FR
98.158.241.131,Safari,Mac OS,21/Dec/2023:04:37:50 ,US
178.108.178.49,Mozilla,Windows,18/Feb/2023:20:37:50 ,GB
21.115.201.129,Mozilla,Windows,03/May/2023:23:37:50 ,US
185.173.144.76,Mozilla,Windows,25/Oct/2023:18:37:50 ,US
115.81.12.230,Mozilla,Mac OS,15/Apr/2023:16:37:50 ,TW
5.211.204.81,Opera,Linux,23/Apr/2023:07:37:50 ,IR
82.51.177.0,Mozilla,Windows,06/Apr/2023:16:37:50 ,IT
154.1.218.13,Mozilla,Mac OS,19/Feb/2023:09:37:50 ,US
85.97.125.216,Mozilla,Linux,13/Nov/2023:15:37:50 ,TR
189.193.136.170,Mozilla,Windows,21/Jan/2023:09:37:50 ,MX
13.195.236.197,Opera,Windows,11/Dec/2023:19:37:50 ,US
181.145.254.38,Mozilla,Windows,02/Jun/2023:20:37:50 ,CO
9.139.87.124,Opera,Linux,08/Jun/2023:10:37:50 ,US
109.248.87.130,Mozilla,Windows,17/Feb/2023:11:37:50 ,RU
84.65.13.128,Mozilla,Windows,29/Jan/2023:17:37:50 ,GB
56.50.7.37,Opera,Linux,13/Aug/2023:02:37:50 ,US
218.241.2.220,Opera,Linux,12/Jun/2023:13:37:50 ,CN
26.197.172.59,Opera,Linux,08/Aug/2023:16:37:50 ,US
99.214.77.217,Mozilla,Mac OS,09/Mar/2023:11:37:50 ,CA
55.72.220.48,Opera,Windows,10/Apr/2023:21:37:50 ,US
1.253.251.144,Mozilla,Windows,26/Mar/2023:22:37:50 ,KR
196.130.123.52,Opera,Windows,05/Nov/2023:00:37:50 ,EG
171.180.59.49,Mozilla,Mac OS,24/Apr/2023:16:37:50 ,US
143.17.126.158,Opera,Windows,08/Jun/2023:15:37:50 ,US
132.174.232.155,Opera,Linux,14/Nov/2023:21:37:50 ,US
38.1.25.34,Mozilla,Linux,26/Dec/2023:23:37:50 ,US
105.228.0.244,Mozilla,Windows,27/Feb/2023:10:37:50 ,ZA
41.86.41.153,Mozilla,Windows,09/May/2023:10:37:50 ,SC
194.242.85.11,Mozilla,Mac OS,21/Aug/2023:20:37:50 ,NL
80.211.72.119,Mozilla,Mac OS,31/Jan/2023:20:37:50 ,IT
45.152.73.145,Mozilla,Mac OS,28/Jan/2023:22:37:50 ,UA
75.233.72.130,Opera,Linux,06/Oct/2023:10:37:50 ,US
119.169.31.170,Mozilla,Mac OS,25/Sep/2023:20:37:50 ,JP
5.246.68.214,Mozilla,Mac OS,21/Jul/2023:02:37:50 ,SA
181.237.95.14,Mozilla,Windows,19/Jan/2023:19:37:50 ,CO
43.185.233.171,Mozilla,Windows,03/Oct/2023:14:37:50 ,CN
54.134.107.53,Mozilla,Mac OS,18/Oct/2023:22:37:50 ,US
196.45.211.95,Mozilla,Windows,26/Oct/2023:20:37:50 ,ZA
